pos2,pos8,hdr2,hdr2_hex,blk_len
0,429,2866,0b32,132
4,433,3591,0e07,132
8,437,3618,0e22,132
12,441,5098,13ea,132
16,444,7811,1e83,132
16,445,8603,219b,132
20,448,8837,2285,132
20,449,10008,2718,132
24,452,11778,2e02,132
24,453,11826,2e32,132
28,456,11844,2e44,132
28,457,11845,2e45,132
32,460,11959,2eb7,132
32,461,11959,2eb7,132
36,464,12058,2f1a,132
36,465,12082,2f32,132
40,468,12096,2f40,132
40,469,20725,50f5,132
44,472,20786,5132,132
44,473,20981,51f5,132
48,477,20989,51fd,132
52,481,20989,51fd,132
56,484,21038,522e,132
56,485,24275,5ed3,132
60,488,25134,622e,132
60,489,26157,662d,132
64,492,28282,6e7a,132
64,493,29178,71fa,132
68,496,29178,71fa,132
68,497,33175,8197,132
72,500,34530,86e2,132
72,501,36355,8e03,132
76,504,36420,8e44,132
76,505,37549,92ad,132
80,508,38522,967a,132
80,509,39971,9c23,132
84,512,40418,9de2,132
84,513,40631,9eb7,132
88,516,41202,a0f2,132
88,517,41470,a1fe,132
92,520,41475,a203,132
92,521,41714,a2f2,132
96,524,41970,a3f2,132
100,528,42235,a4fb,132
104,532,42554,a63a,132
108,536,42757,a705,132
112,540,42966,a7d6,132
116,544,43522,aa02,132
120,548,43567,aa2f,132
124,552,43731,aad3,132
128,556,43753,aae9,132
132,560,43818,ab2a,132
136,564,44100,ac44,132
140,568,44187,ac9b,132
144,572,44223,acbf,132
144,573,44546,ae02,132
148,576,44578,ae22,132
148,577,44579,ae23,132
152,580,44586,ae2a,132
152,581,44586,ae2a,132
156,584,44586,ae2a,132
156,585,44589,ae2d,132
160,588,44591,ae2f,132
160,589,44666,ae7a,132
164,592,44770,aee2,132
164,593,44786,aef2,132
168,594,44791,aef7,132
168,596,44842,af2a,132
172,600,44914,af72,132
176,604,44922,af7a,132
180,608,44969,afa9,132
184,612,45016,afd8,132
188,616,45572,b204,132
192,620,48361,bce9,132
196,624,48650,be0a,132
200,628,48674,be22,132
204,632,48901,bf05,132
208,636,53225,cfe9,132
212,640,53784,d218,132
216,644,56901,de45,132
220,648,56901,de45,132
224,652,57015,deb7,132
228,656,57846,e1f6,132
232,660,58612,e4f4,132
236,664,58949,e645,132
240,668,60664,ecf8,132
244,672,61050,ee7a,132
248,676,61299,ef73,132
252,680,65354,ff4a,132
